campaign_name,processed_text,cluster
Public-key multi-tasking throughput,public key multi tasking throughput,9
De-engineered analyzing task-force,de engineered analyzing task force,2
Balanced solution-oriented Local Area Network,balanced solution oriented local area network,7
Distributed real-time methodology,distributed real time methodology,7
Front-line executive infrastructure,front line executive infrastructure,5
Upgradable transitional data-warehouse,upgradable transitional data warehouse,7
Innovative context-sensitive framework,innovative context sensitive framework,7
User-friendly client-driven service-desk,user friendly client driven service desk,8
Proactive neutral methodology,proactive neutral methodology,7
Intuitive responsive support,intuitive responsive support,7
Multi-lateral dedicated workforce,multi lateral dedicated workforce,9
Cross-platform demand-driven encoding,cross platform demand driven encoding,7
Networked even-keeled toolset,networked even keeled toolset,10
Optional actuating standardization,optional actuating standardization,5
Innovative web-enabled function,innovative web enabled function,6
Configurable methodical service-desk,configurable methodical service desk,7
Cross-group empowering attitude,cross group empowering attitude,7
Intuitive didactic installation,intuitive didactic installation,7
Fundamental dedicated encryption,fundamental dedicated encryption,0
De-engineered 4thgeneration moratorium,de engineered 4thgeneration moratorium,2
Managed upward-trending website,managed upward trending website,10
Self-enabling human-resource infrastructure,self enabling human resource infrastructure,7
Cross-platform 24/7 archive,cross platform 24 7 archive,7
Future-proofed local forecast,future proofed local forecast,7
Horizontal hybrid instruction set,horizontal hybrid instruction set,7
Inverse contextually-based neural-net,inverse contextually based neural net,3
Polarized hybrid system engine,polarized hybrid system engine,7
Managed analyzing service-desk,managed analyzing service desk,7
Seamless clear-thinking product,seamless clear thinking product,12
Networked local adapter,networked local adapter,10
Open-architected neutral open system,open architected neutral open system,1
Secured optimal website,secured optimal website,5
Seamless zero-defect portal,seamless zero defect portal,7
Configurable eco-centric capability,configurable eco centric capability,7
Customizable directional paradigm,customizable directional paradigm,7
Cross-platform holistic encryption,cross platform holistic encryption,0
Vision-oriented encompassing system engine,vision oriented encompassing system engine,7
Ergonomic next generation throughput,ergonomic next generation throughput,7
Vision-oriented 4thgeneration conglomeration,vision oriented 4thgeneration conglomeration,7
Ameliorated secondary data-warehouse,ameliorated secondary data warehouse,7
Programmable executive workforce,programmable executive workforce,7
Cross-group user-facing application,cross group user facing application,8
Secured systematic architecture,secured systematic architecture,5
Seamless bifurcated firmware,seamless bifurcated firmware,7
Intuitive directional website,intuitive directional website,7
Mandatory incremental throughput,mandatory incremental throughput,7
Organic 24/7 secured line,organic 24 7 secured line,5
User-friendly analyzing moratorium,user friendly analyzing moratorium,8
Programmable discrete intranet,programmable discrete intranet,7
Future-proofed empowering forecast,future proofed empowering forecast,7
Re-engineered solution-oriented core,re engineered solution oriented core,2
Diverse grid-enabled forecast,diverse grid enabled forecast,6
Function-based motivating functionalities,function based motivating functionalities,3
User-centric holistic firmware,user centric holistic firmware,8
Virtual real-time architecture,virtual real time architecture,7
Open-source 6thgeneration secured line,open source 6thgeneration secured line,5
Reduced leadingedge architecture,reduced leadingedge architecture,1
Fully-configurable 24/7 knowledgebase,fully configurable 24 7 knowledgebase,7
Organic 4thgeneration neural-net,organic 4thgeneration neural net,7
Centralized 3rdgeneration budgetary management,centralized 3rdgeneration budgetary management,7
Persevering web-enabled workforce,persevering web enabled workforce,6
Multi-channeled high-level interface,multi channeled high level interface,9
Re-contextualized high-level project,re contextualized high level project,7
Right-sized tangible product,right sized tangible product,7
Diverse leadingedge initiative,diverse leadingedge initiative,4
Intuitive transitional hardware,intuitive transitional hardware,7
Diverse 6thgeneration superstructure,diverse 6thgeneration superstructure,4
Enhanced 4thgeneration hierarchy,enhanced 4thgeneration hierarchy,7
Function-based systematic emulation,function based systematic emulation,3
Managed asymmetric array,managed asymmetric array,4
Enterprise-wide mission-critical utilization,enterprise wide mission critical utilization,7
Adaptive clear-thinking methodology,adaptive clear thinking methodology,12
Networked zero administration model,networked zero administration model,10
Seamless well-modulated open architecture,seamless well modulated open architecture,1
Exclusive radical installation,exclusive radical installation,7
Intuitive bottom-line algorithm,intuitive bottom line algorithm,5
Compatible stable extranet,compatible stable extranet,7
Progressive secondary synergy,progressive secondary synergy,7
Sharable next generation ability,sharable next generation ability,7
Devolved value-added support,devolved value added support,7
Front-line full-range matrices,front line full range matrices,5
Grass-roots foreground firmware,grass roots foreground firmware,11
Implemented reciprocal monitoring,implemented reciprocal monitoring,7
Reverse-engineered foreground approach,reverse engineered foreground approach,2
Open-source maximized projection,open source maximized projection,1
Intuitive object-oriented moratorium,intuitive object oriented moratorium,7
Virtual 4thgeneration Graphical User Interface,virtual 4thgeneration graphical user interface,8
Reactive multi-tasking extranet,reactive multi tasking extranet,9
Enhanced heuristic archive,enhanced heuristic archive,7
Stand-alone bandwidth-monitored capability,stand alone bandwidth monitored capability,7
Open-source coherent archive,open source coherent archive,1
Future-proofed coherent core,future proofed coherent core,7
Decentralized radical emulation,decentralized radical emulation,7
Team-oriented content-based data-warehouse,team oriented content based data warehouse,3
Expanded tangible capacity,expanded tangible capacity,7
Secured methodical system engine,secured methodical system engine,5
Synergistic well-modulated conglomeration,synergistic well modulated conglomeration,7
Programmable dedicated ability,programmable dedicated ability,0
Public-key dynamic synergy,public key dynamic synergy,7
Synergistic actuating benchmark,synergistic actuating benchmark,7
Optional client-driven approach,optional client driven approach,5
Cloned exuding matrices,cloned exuding matrices,7
Expanded zero tolerance adapter,expanded zero tolerance adapter,7
Persistent incremental installation,persistent incremental installation,7
Integrated full-range encoding,integrated full range encoding,7
Total system-worthy framework,total system worthy framework,7
Persistent disintermediate artificial intelligence,persistent disintermediate artificial intelligence,7
Self-enabling explicit interface,self enabling explicit interface,7
User-centric responsive software,user centric responsive software,8
Enterprise-wide bottom-line forecast,enterprise wide bottom line forecast,5
Upgradable transitional productivity,upgradable transitional productivity,7
Assimilated asynchronous project,assimilated asynchronous project,7
Reverse-engineered 4thgeneration alliance,reverse engineered 4thgeneration alliance,2
Networked bi-directional help-desk,networked bi directional help desk,10
Diverse exuding superstructure,diverse exuding superstructure,4
Organized directional service-desk,organized directional service desk,7
Balanced 24hour intranet,balanced 24hour intranet,7
Reactive well-modulated portal,reactive well modulated portal,7
Realigned intangible application,realigned intangible application,7
Front-line web-enabled orchestration,front line web enabled orchestration,6
Polarized upward-trending frame,polarized upward trending frame,10
Persevering content-based archive,persevering content based archive,3
De-engineered content-based budgetary management,de engineered content based budgetary management,3
Inverse well-modulated forecast,inverse well modulated forecast,7
Progressive web-enabled concept,progressive web enabled concept,6
Visionary 4thgeneration help-desk,visionary 4thgeneration help desk,7
Up-sized attitude-oriented task-force,up sized attitude oriented task force,7
Sharable secondary migration,sharable secondary migration,7
Quality-focused methodical policy,quality focused methodical policy,13
Distributed multimedia encryption,distributed multimedia encryption,0
Switchable user-facing archive,switchable user facing archive,8
Virtual bottom-line parallelism,virtual bottom line parallelism,5
Customer-focused mobile Graphic Interface,customer focused mobile graphic interface,13
Networked asynchronous standardization,networked asynchronous standardization,10
Persevering coherent concept,persevering coherent concept,7
Secured systemic groupware,secured systemic groupware,5
Team-oriented motivating productivity,team oriented motivating productivity,7
Seamless exuding model,seamless exuding model,7
Cross-platform bandwidth-monitored model,cross platform bandwidth monitored model,7
Face-to-face high-level synergy,face to face high level synergy,7
Compatible eco-centric access,compatible eco centric access,7
Down-sized web-enabled data-warehouse,down sized web enabled data warehouse,6
Streamlined non-volatile projection,streamlined non volatile projection,7
Synergized client-driven algorithm,synergized client driven algorithm,7
Cross-platform composite matrix,cross platform composite matrix,7
Networked background utilization,networked background utilization,10
Quality-focused composite challenge,quality focused composite challenge,13
Enhanced asymmetric open system,enhanced asymmetric open system,4
Innovative hybrid time-frame,innovative hybrid time frame,7
Re-engineered intangible intranet,re engineered intangible intranet,2
Multi-channeled zero administration software,multi channeled zero administration software,9
Universal national adapter,universal national adapter,7
Centralized system-worthy knowledgebase,centralized system worthy knowledgebase,7
Open-architected asymmetric time-frame,open architected asymmetric time frame,4
Centralized leadingedge Local Area Network,centralized leadingedge local area network,7
Organized needs-based conglomeration,organized needs based conglomeration,3
Optional secondary collaboration,optional secondary collaboration,5
Synchronized client-driven challenge,synchronized client driven challenge,7
Enterprise-wide zero administration Graphic Interface,enterprise wide zero administration graphic interface,8
Programmable local moratorium,programmable local moratorium,7
Networked systematic attitude,networked systematic attitude,10
Pre-emptive solution-oriented standardization,pre emptive solution oriented standardization,7
Down-sized contextually-based strategy,down sized contextually based strategy,3
Reverse-engineered zero administration workforce,reverse engineered zero administration workforce,2
Pre-emptive real-time database,pre emptive real time database,7
Business-focused foreground budgetary management,business focused foreground budgetary management,13
Stand-alone multi-tasking methodology,stand alone multi tasking methodology,9
Proactive eco-centric process improvement,proactive eco centric process improvement,7
Digitized human-resource knowledge user,digitized human resource knowledge user,8
Ergonomic next generation hub,ergonomic next generation hub,7
Realigned radical hardware,realigned radical hardware,7
Grass-roots national approach,grass roots national approach,11
Synergistic mobile task-force,synergistic mobile task force,7
Customer-focused fault-tolerant help-desk,customer focused fault tolerant help desk,13
Face-to-face 6thgeneration portal,face to face 6thgeneration portal,7
Ameliorated encompassing capacity,ameliorated encompassing capacity,7
Digitized optimizing capability,digitized optimizing capability,7
Triple-buffered zero tolerance circuit,triple buffered zero tolerance circuit,7
Open-source background firmware,open source background firmware,1
Expanded global matrices,expanded global matrices,7
Organized regional implementation,organized regional implementation,7
Realigned stable parallelism,realigned stable parallelism,7
Networked executive knowledgebase,networked executive knowledgebase,10
Multi-tiered neutral standardization,multi tiered neutral standardization,9
Virtual cohesive orchestration,virtual cohesive orchestration,7
Progressive 4thgeneration policy,progressive 4thgeneration policy,7
Monitored impactful installation,monitored impactful installation,7
Automated responsive initiative,automated responsive initiative,7
Function-based grid-enabled conglomeration,function based grid enabled conglomeration,6
Polarized dynamic analyzer,polarized dynamic analyzer,7
Centralized methodical alliance,centralized methodical alliance,7
Visionary directional open architecture,visionary directional open architecture,1
Reduced static functionalities,reduced static functionalities,7
Sharable upward-trending initiative,sharable upward trending initiative,10
Front-line eco-centric open system,front line eco centric open system,1
Managed bandwidth-monitored complexity,managed bandwidth monitored complexity,7
Re-engineered non-volatile algorithm,re engineered non volatile algorithm,2
Integrated secondary migration,integrated secondary migration,7
Horizontal 6thgeneration model,horizontal 6thgeneration model,7
Robust optimizing projection,robust optimizing projection,7
Right-sized scalable open architecture,right sized scalable open architecture,1
Optional mission-critical project,optional mission critical project,5
Focused responsive open architecture,focused responsive open architecture,1
Reverse-engineered static infrastructure,reverse engineered static infrastructure,2
Monitored grid-enabled productivity,monitored grid enabled productivity,6
Cross-group foreground ability,cross group foreground ability,7
Switchable mobile toolset,switchable mobile toolset,12
Front-line mobile ability,front line mobile ability,5
Optional systemic adapter,optional systemic adapter,5
User-friendly responsive parallelism,user friendly responsive parallelism,8
Mandatory grid-enabled throughput,mandatory grid enabled throughput,6
Phased dynamic throughput,phased dynamic throughput,7
Pre-emptive mobile Local Area Network,pre emptive mobile local area network,7
Decentralized zero-defect superstructure,decentralized zero defect superstructure,7
Distributed grid-enabled focus group,distributed grid enabled focus group,6
Monitored global leverage,monitored global leverage,7
Secured exuding hardware,secured exuding hardware,5
Re-engineered content-based projection,re engineered content based projection,3
Compatible explicit hierarchy,compatible explicit hierarchy,7
Reduced holistic groupware,reduced holistic groupware,7
Organic national application,organic national application,7
Configurable multi-tasking projection,configurable multi tasking projection,9
Open-source zero-defect groupware,open source zero defect groupware,1
Extended multi-tasking focus group,extended multi tasking focus group,9
Reverse-engineered 4thgeneration adapter,reverse engineered 4thgeneration adapter,2
Open-source heuristic methodology,open source heuristic methodology,1
Diverse interactive functionalities,diverse interactive functionalities,4
Ameliorated leadingedge moratorium,ameliorated leadingedge moratorium,7
Distributed web-enabled matrix,distributed web enabled matrix,6
Horizontal full-range complexity,horizontal full range complexity,7
Re-engineered optimizing definition,re engineered optimizing definition,2
Horizontal regional implementation,horizontal regional implementation,7
Robust eco-centric service-desk,robust eco centric service desk,7
Expanded radical array,expanded radical array,7
Cross-group interactive matrix,cross group interactive matrix,7
Digitized full-range moderator,digitized full range moderator,7
Programmable dedicated Graphical User Interface,programmable dedicated graphical user interface,8
Total secondary attitude,total secondary attitude,7
User-friendly coherent software,user friendly coherent software,8
Grass-roots global attitude,grass roots global attitude,11
Decentralized incremental synergy,decentralized incremental synergy,7
Virtual executive alliance,virtual executive alliance,7
Distributed content-based service-desk,distributed content based service desk,3
Customizable real-time toolset,customizable real time toolset,7
Cross-group discrete implementation,cross group discrete implementation,7
Secured object-oriented contingency,secured object oriented contingency,5
Re-contextualized needs-based function,re contextualized needs based function,3
Face-to-face optimal capacity,face to face optimal capacity,7
Assimilated analyzing definition,assimilated analyzing definition,7
Diverse homogeneous approach,diverse homogeneous approach,4
Persevering non-volatile utilization,persevering non volatile utilization,7
Down-sized exuding website,down sized exuding website,7
Persevering zero administration interface,persevering zero administration interface,8
Re-contextualized global projection,re contextualized global projection,7
Advanced optimizing portal,advanced optimizing portal,7
Total client-driven functionalities,total client driven functionalities,7
Grass-roots reciprocal core,grass roots reciprocal core,11
Self-enabling reciprocal algorithm,self enabling reciprocal algorithm,7
Fundamental holistic policy,fundamental holistic policy,0
Automated background intranet,automated background intranet,7
Diverse modular productivity,diverse modular productivity,4
Down-sized attitude-oriented conglomeration,down sized attitude oriented conglomeration,7
Universal 24hour process improvement,universal 24hour process improvement,7
Fundamental optimal secured line,fundamental optimal secured line,5
Reverse-engineered responsive migration,reverse engineered responsive migration,2
Organized hybrid intranet,organized hybrid intranet,7
Streamlined intermediate core,streamlined intermediate core,7
Re-contextualized regional pricing structure,re contextualized regional pricing structure,7
Stand-alone client-driven challenge,stand alone client driven challenge,7
Reactive client-driven paradigm,reactive client driven paradigm,7
Object-based composite info-mediaries,object based composite info mediaries,3
User-centric discrete algorithm,user centric discrete algorithm,8
Cloned discrete customer loyalty,cloned discrete customer loyalty,7
Function-based motivating algorithm,function based motivating algorithm,3
Devolved local Graphic Interface,devolved local graphic interface,8
Synergized 24hour strategy,synergized 24hour strategy,7
Function-based exuding strategy,function based exuding strategy,3
Synergistic intermediate middleware,synergistic intermediate middleware,7
Grass-roots 24/7 orchestration,grass roots 24 7 orchestration,11
Adaptive needs-based initiative,adaptive needs based initiative,3
Automated 5thgeneration attitude,automated 5thgeneration attitude,7
Mandatory secondary access,mandatory secondary access,7
Digitized analyzing paradigm,digitized analyzing paradigm,7
Object-based intangible artificial intelligence,object based intangible artificial intelligence,3
Proactive mission-critical structure,proactive mission critical structure,7
Object-based grid-enabled model,object based grid enabled model,6
Seamless executive standardization,seamless executive standardization,7
De-engineered homogeneous array,de engineered homogeneous array,2
Inverse heuristic projection,inverse heuristic projection,7
Diverse asymmetric orchestration,diverse asymmetric orchestration,4
Reactive zero tolerance core,reactive zero tolerance core,7
Reverse-engineered 24/7 help-desk,reverse engineered 24 7 help desk,2
Optimized 24hour budgetary management,optimized 24hour budgetary management,7
Inverse heuristic encryption,inverse heuristic encryption,0
Realigned empowering initiative,realigned empowering initiative,7
Reduced mobile matrices,reduced mobile matrices,7
Virtual motivating portal,virtual motivating portal,7
Customizable executive task-force,customizable executive task force,7
Optional 3rdgeneration open architecture,optional 3rdgeneration open architecture,1
Networked 6thgeneration neural-net,networked 6thgeneration neural net,10
Open-architected empowering database,open architected empowering database,1
Multi-channeled human-resource infrastructure,multi channeled human resource infrastructure,9
Distributed intangible software,distributed intangible software,7
Switchable clear-thinking challenge,switchable clear thinking challenge,12
Customizable 4thgeneration Internet solution,customizable 4thgeneration internet solution,7
Reduced zero tolerance policy,reduced zero tolerance policy,7
Profound real-time archive,profound real time archive,7
Inverse static support,inverse static support,7
Total attitude-oriented support,total attitude oriented support,7
Persistent tangible methodology,persistent tangible methodology,7
Robust bi-directional hub,robust bi directional hub,7
Virtual content-based standardization,virtual content based standardization,3
Programmable modular architecture,programmable modular architecture,1
Open-source zero administration extranet,open source zero administration extranet,1
Total asymmetric emulation,total asymmetric emulation,4
Streamlined attitude-oriented adapter,streamlined attitude oriented adapter,7
Operative demand-driven open system,operative demand driven open system,1
Organic impactful approach,organic impactful approach,7
Cloned leadingedge moderator,cloned leadingedge moderator,7
Versatile well-modulated ability,versatile well modulated ability,7
Self-enabling zero tolerance synergy,self enabling zero tolerance synergy,7
Polarized systematic parallelism,polarized systematic parallelism,7
Sharable object-oriented algorithm,sharable object oriented algorithm,7
Progressive systematic architecture,progressive systematic architecture,1
Decentralized bi-directional forecast,decentralized bi directional forecast,7
Multi-lateral coherent hardware,multi lateral coherent hardware,9
Digitized fresh-thinking toolset,digitized fresh thinking toolset,12
Persistent fresh-thinking parallelism,persistent fresh thinking parallelism,12
Up-sized discrete superstructure,up sized discrete superstructure,7
Implemented next generation productivity,implemented next generation productivity,7
Persistent radical approach,persistent radical approach,7
Robust dynamic circuit,robust dynamic circuit,7
Assimilated cohesive contingency,assimilated cohesive contingency,7
Distributed heuristic extranet,distributed heuristic extranet,7
Public-key optimizing open architecture,public key optimizing open architecture,1
Self-enabling secondary methodology,self enabling secondary methodology,7
Multi-channeled intermediate project,multi channeled intermediate project,9
Re-engineered 24/7 benchmark,re engineered 24 7 benchmark,2
Automated 6thgeneration solution,automated 6thgeneration solution,7
Persevering asymmetric orchestration,persevering asymmetric orchestration,4
Enhanced web-enabled knowledge user,enhanced web enabled knowledge user,6
Multi-tiered fresh-thinking monitoring,multi tiered fresh thinking monitoring,12
Cloned background ability,cloned background ability,7
Up-sized bifurcated budgetary management,up sized bifurcated budgetary management,7
Virtual methodical projection,virtual methodical projection,7
Configurable 6thgeneration approach,configurable 6thgeneration approach,7
Networked zero administration hardware,networked zero administration hardware,10
Integrated dedicated solution,integrated dedicated solution,0
Managed coherent Local Area Network,managed coherent local area network,7
Assimilated bifurcated policy,assimilated bifurcated policy,7
Intuitive secondary initiative,intuitive secondary initiative,7
Reverse-engineered bandwidth-monitored encoding,reverse engineered bandwidth monitored encoding,2
Adaptive 24/7 open architecture,adaptive 24 7 open architecture,1
Grass-roots holistic migration,grass roots holistic migration,11
Face-to-face background methodology,face to face background methodology,7
Visionary neutral attitude,visionary neutral attitude,7
Grass-roots tertiary adapter,grass roots tertiary adapter,11
Function-based dynamic focus group,function based dynamic focus group,3
Multi-tiered stable installation,multi tiered stable installation,9
Proactive explicit migration,proactive explicit migration,7
Reactive eco-centric synergy,reactive eco centric synergy,7
Automated dedicated budgetary management,automated dedicated budgetary management,0
Multi-channeled coherent moderator,multi channeled coherent moderator,9
Synergized bottom-line paradigm,synergized bottom line paradigm,5
Phased attitude-oriented standardization,phased attitude oriented standardization,7
Open-architected bottom-line algorithm,open architected bottom line algorithm,1
Open-source homogeneous product,open source homogeneous product,1
Reduced tertiary implementation,reduced tertiary implementation,7
Proactive incremental framework,proactive incremental framework,7
Quality-focused hybrid policy,quality focused hybrid policy,13
Progressive 24hour utilization,progressive 24hour utilization,7
Organized coherent utilization,organized coherent utilization,7
Versatile user-facing benchmark,versatile user facing benchmark,8
Configurable client-driven migration,configurable client driven migration,7
Public-key fresh-thinking intranet,public key fresh thinking intranet,12
Self-enabling bandwidth-monitored array,self enabling bandwidth monitored array,7
Profound disintermediate analyzer,profound disintermediate analyzer,7
Multi-tiered multi-tasking support,multi tiered multi tasking support,9
Triple-buffered next generation moderator,triple buffered next generation moderator,7
Synergistic needs-based framework,synergistic needs based framework,3
Horizontal national alliance,horizontal national alliance,7
Team-oriented mobile contingency,team oriented mobile contingency,7
Persistent grid-enabled contingency,persistent grid enabled contingency,6
Reactive real-time array,reactive real time array,7
Programmable asynchronous encryption,programmable asynchronous encryption,0
Object-based web-enabled intranet,object based web enabled intranet,6
Universal exuding artificial intelligence,universal exuding artificial intelligence,7
Cross-group bandwidth-monitored time-frame,cross group bandwidth monitored time frame,7
Customer-focused web-enabled framework,customer focused web enabled framework,6
Synergized local emulation,synergized local emulation,7
Multi-tiered object-oriented knowledge user,multi tiered object oriented knowledge user,9
Multi-lateral mission-critical productivity,multi lateral mission critical productivity,9
Re-contextualized reciprocal secured line,re contextualized reciprocal secured line,5
Compatible actuating utilization,compatible actuating utilization,7
Compatible full-range open system,compatible full range open system,1
Switchable incremental collaboration,switchable incremental collaboration,12
Monitored maximized project,monitored maximized project,7
Compatible grid-enabled info-mediaries,compatible grid enabled info mediaries,6
Cloned foreground portal,cloned foreground portal,7
Devolved homogeneous projection,devolved homogeneous projection,7
Profound non-volatile complexity,profound non volatile complexity,7
Focused holistic collaboration,focused holistic collaboration,13
Optimized zero administration task-force,optimized zero administration task force,7
Customizable zero administration application,customizable zero administration application,7
Balanced multi-tasking adapter,balanced multi tasking adapter,9
Ameliorated grid-enabled capability,ameliorated grid enabled capability,6
Monitored full-range matrix,monitored full range matrix,7
Multi-tiered empowering adapter,multi tiered empowering adapter,9
Re-contextualized mission-critical help-desk,re contextualized mission critical help desk,7
Face-to-face foreground service-desk,face to face foreground service desk,7
Re-contextualized solution-oriented circuit,re contextualized solution oriented circuit,7
Managed didactic system engine,managed didactic system engine,7
Expanded 4thgeneration groupware,expanded 4thgeneration groupware,7
Total well-modulated knowledge user,total well modulated knowledge user,8
Polarized high-level ability,polarized high level ability,7
Reduced high-level methodology,reduced high level methodology,7
Robust executive migration,robust executive migration,7
Inverse background firmware,inverse background firmware,7
Vision-oriented client-server conglomeration,vision oriented client server conglomeration,7
Reduced motivating analyzer,reduced motivating analyzer,7
Focused empowering capacity,focused empowering capacity,13
Front-line multi-tasking moderator,front line multi tasking moderator,9
Realigned 24/7 hub,realigned 24 7 hub,7
De-engineered 6thgeneration parallelism,de engineered 6thgeneration parallelism,2
Mandatory 3rdgeneration matrices,mandatory 3rdgeneration matrices,7
Compatible full-range toolset,compatible full range toolset,7
Switchable 3rdgeneration projection,switchable 3rdgeneration projection,12
Programmable homogeneous projection,programmable homogeneous projection,7
Decentralized contextually-based capability,decentralized contextually based capability,3
Exclusive next generation info-mediaries,exclusive next generation info mediaries,7
Cloned scalable strategy,cloned scalable strategy,7
Public-key full-range matrices,public key full range matrices,7
Multi-layered methodical structure,multi layered methodical structure,9
Organic holistic Graphical User Interface,organic holistic graphical user interface,8
Multi-channeled upward-trending instruction set,multi channeled upward trending instruction set,10
Managed even-keeled Internet solution,managed even keeled internet solution,7
Customer-focused systemic capability,customer focused systemic capability,13
Inverse non-volatile superstructure,inverse non volatile superstructure,7
Multi-lateral needs-based collaboration,multi lateral needs based collaboration,9
Ergonomic empowering attitude,ergonomic empowering attitude,7
Switchable secondary hierarchy,switchable secondary hierarchy,12
Ameliorated bi-directional Graphic Interface,ameliorated bi directional graphic interface,8
Secured attitude-oriented info-mediaries,secured attitude oriented info mediaries,5
Enterprise-wide bandwidth-monitored toolset,enterprise wide bandwidth monitored toolset,7
Compatible mobile open system,compatible mobile open system,1
Vision-oriented object-oriented structure,vision oriented object oriented structure,7
Re-engineered holistic data-warehouse,re engineered holistic data warehouse,2
Multi-channeled reciprocal utilization,multi channeled reciprocal utilization,9
Object-based discrete strategy,object based discrete strategy,3
Customizable human-resource monitoring,customizable human resource monitoring,7
Synergized actuating policy,synergized actuating policy,7
Versatile object-oriented access,versatile object oriented access,7
De-engineered 24/7 archive,de engineered 24 7 archive,2
Profit-focused multimedia concept,profit focused multimedia concept,13
Vision-oriented transitional process improvement,vision oriented transitional process improvement,7
Pre-emptive mission-critical knowledge user,pre emptive mission critical knowledge user,8
Cross-group object-oriented moderator,cross group object oriented moderator,7
Grass-roots eco-centric strategy,grass roots eco centric strategy,11
Customizable global hierarchy,customizable global hierarchy,7
Future-proofed uniform alliance,future proofed uniform alliance,7
Balanced asynchronous contingency,balanced asynchronous contingency,7
Robust disintermediate neural-net,robust disintermediate neural net,7
Multi-lateral dynamic encryption,multi lateral dynamic encryption,9
Customer-focused human-resource algorithm,customer focused human resource algorithm,13
Re-contextualized zero-defect artificial intelligence,re contextualized zero defect artificial intelligence,7
Decentralized system-worthy neural-net,decentralized system worthy neural net,7
Reduced content-based Graphic Interface,reduced content based graphic interface,3
De-engineered non-volatile hardware,de engineered non volatile hardware,2
Intuitive system-worthy interface,intuitive system worthy interface,8
Networked systematic budgetary management,networked systematic budgetary management,10
Open-source radical extranet,open source radical extranet,1
Monitored high-level contingency,monitored high level contingency,7
Switchable actuating encryption,switchable actuating encryption,0
Profit-focused actuating open architecture,profit focused actuating open architecture,1
Compatible 5thgeneration open architecture,compatible 5thgeneration open architecture,1
Business-focused systemic policy,business focused systemic policy,13
Front-line high-level encryption,front line high level encryption,0
Reduced analyzing moratorium,reduced analyzing moratorium,7
Configurable systematic concept,configurable systematic concept,7
Versatile actuating synergy,versatile actuating synergy,7
Mandatory neutral ability,mandatory neutral ability,7
Re-contextualized clear-thinking matrix,re contextualized clear thinking matrix,12
Front-line neutral concept,front line neutral concept,5
Synergistic optimizing approach,synergistic optimizing approach,7
Grass-roots content-based synergy,grass roots content based synergy,11
Cross-group web-enabled methodology,cross group web enabled methodology,6
Total impactful budgetary management,total impactful budgetary management,7
Phased background toolset,phased background toolset,7
Cross-platform web-enabled ability,cross platform web enabled ability,6
Quality-focused 4thgeneration database,quality focused 4thgeneration database,13
Customizable 5thgeneration instruction set,customizable 5thgeneration instruction set,7
Automated real-time productivity,automated real time productivity,7
Advanced systematic complexity,advanced systematic complexity,7
Re-engineered reciprocal infrastructure,re engineered reciprocal infrastructure,2
Customer-focused holistic orchestration,customer focused holistic orchestration,13
Cross-group homogeneous forecast,cross group homogeneous forecast,7
Customizable optimizing benchmark,customizable optimizing benchmark,7
Proactive empowering adapter,proactive empowering adapter,7
Persevering bi-directional project,persevering bi directional project,7
Digitized clear-thinking monitoring,digitized clear thinking monitoring,12
Multi-layered global complexity,multi layered global complexity,9
Cross-group bottom-line orchestration,cross group bottom line orchestration,5
Expanded methodical instruction set,expanded methodical instruction set,7
Enhanced upward-trending solution,enhanced upward trending solution,10
Advanced client-driven matrix,advanced client driven matrix,7
Re-engineered 6thgeneration time-frame,re engineered 6thgeneration time frame,2
Quality-focused responsive framework,quality focused responsive framework,13
Optimized 3rdgeneration superstructure,optimized 3rdgeneration superstructure,7
Robust dedicated solution,robust dedicated solution,0
Right-sized tangible moratorium,right sized tangible moratorium,7
Integrated real-time archive,integrated real time archive,7
Organized uniform infrastructure,organized uniform infrastructure,7
Future-proofed next generation software,future proofed next generation software,7
Cross-group foreground array,cross group foreground array,7
Advanced multi-state portal,advanced multi state portal,9
Visionary tangible Graphic Interface,visionary tangible graphic interface,8
Business-focused tertiary focus group,business focused tertiary focus group,13
Down-sized high-level productivity,down sized high level productivity,7
Fundamental didactic algorithm,fundamental didactic algorithm,0
Pre-emptive exuding monitoring,pre emptive exuding monitoring,7
Organized client-driven array,organized client driven array,7
Fully-configurable global leverage,fully configurable global leverage,7
Right-sized stable open architecture,right sized stable open architecture,1
Synchronized zero administration structure,synchronized zero administration structure,7
Visionary user-facing pricing structure,visionary user facing pricing structure,8
Team-oriented bifurcated capability,team oriented bifurcated capability,7
Persevering tangible hardware,persevering tangible hardware,7
Triple-buffered cohesive encryption,triple buffered cohesive encryption,0
Automated encompassing archive,automated encompassing archive,7
Devolved intermediate middleware,devolved intermediate middleware,7
Triple-buffered high-level customer loyalty,triple buffered high level customer loyalty,7
Intuitive exuding concept,intuitive exuding concept,7
Extended optimizing infrastructure,extended optimizing infrastructure,7
Stand-alone tertiary methodology,stand alone tertiary methodology,7
Extended context-sensitive Graphical User Interface,extended context sensitive graphical user interface,8
Integrated user-facing encoding,integrated user facing encoding,8
Cross-group reciprocal hub,cross group reciprocal hub,7
Down-sized uniform productivity,down sized uniform productivity,7
Versatile asymmetric protocol,versatile asymmetric protocol,4
Polarized empowering neural-net,polarized empowering neural net,7
Versatile bandwidth-monitored time-frame,versatile bandwidth monitored time frame,7
Seamless explicit policy,seamless explicit policy,7
Sharable neutral implementation,sharable neutral implementation,7
Progressive composite access,progressive composite access,7
Assimilated intangible pricing structure,assimilated intangible pricing structure,7
Public-key optimizing protocol,public key optimizing protocol,7
Compatible bottom-line core,compatible bottom line core,5
Face-to-face mobile knowledge user,face to face mobile knowledge user,8
Seamless reciprocal complexity,seamless reciprocal complexity,7
Mandatory exuding model,mandatory exuding model,7
Digitized intangible Graphical User Interface,digitized intangible graphical user interface,8
Profound demand-driven secured line,profound demand driven secured line,5
Right-sized needs-based solution,right sized needs based solution,3
Seamless dynamic framework,seamless dynamic framework,7
Re-contextualized upward-trending architecture,re contextualized upward trending architecture,10
Cloned logistical analyzer,cloned logistical analyzer,7
Centralized value-added superstructure,centralized value added superstructure,7
Proactive bifurcated architecture,proactive bifurcated architecture,1
Triple-buffered client-server portal,triple buffered client server portal,7
Organic demand-driven support,organic demand driven support,7
Realigned methodical artificial intelligence,realigned methodical artificial intelligence,7
Object-based demand-driven installation,object based demand driven installation,3
Ameliorated actuating policy,ameliorated actuating policy,7
Public-key disintermediate neural-net,public key disintermediate neural net,7
Upgradable contextually-based Graphic Interface,upgradable contextually based graphic interface,8
Integrated client-server software,integrated client server software,7
Innovative intangible emulation,innovative intangible emulation,7
Fundamental incremental service-desk,fundamental incremental service desk,0
Proactive motivating open architecture,proactive motivating open architecture,1
Business-focused attitude-oriented middleware,business focused attitude oriented middleware,13
Balanced empowering info-mediaries,balanced empowering info mediaries,7
User-friendly dynamic monitoring,user friendly dynamic monitoring,8
Multi-channeled zero administration standardization,multi channeled zero administration standardization,9
Optimized methodical installation,optimized methodical installation,7
Proactive regional conglomeration,proactive regional conglomeration,7
Multi-lateral user-facing solution,multi lateral user facing solution,9
Integrated analyzing focus group,integrated analyzing focus group,7
Centralized contextually-based middleware,centralized contextually based middleware,3
Switchable modular solution,switchable modular solution,12
Reverse-engineered next generation emulation,reverse engineered next generation emulation,2
Quality-focused mission-critical analyzer,quality focused mission critical analyzer,13
Innovative local workforce,innovative local workforce,7
Expanded scalable process improvement,expanded scalable process improvement,7
Devolved responsive software,devolved responsive software,7
Object-based bandwidth-monitored moderator,object based bandwidth monitored moderator,3
Realigned responsive Graphical User Interface,realigned responsive graphical user interface,8
User-friendly directional ability,user friendly directional ability,8
Open-source intermediate benchmark,open source intermediate benchmark,1
Function-based zero-defect policy,function based zero defect policy,3
Face-to-face grid-enabled workforce,face to face grid enabled workforce,6
Cross-platform secondary functionalities,cross platform secondary functionalities,7
Implemented multi-tasking emulation,implemented multi tasking emulation,9
Self-enabling incremental success,self enabling incremental success,7
Cloned contextually-based contingency,cloned contextually based contingency,3
Self-enabling intermediate time-frame,self enabling intermediate time frame,7
Organic 3rdgeneration conglomeration,organic 3rdgeneration conglomeration,7
Managed bandwidth-monitored time-frame,managed bandwidth monitored time frame,7
Extended executive budgetary management,extended executive budgetary management,7
Fully-configurable human-resource encryption,fully configurable human resource encryption,0
Organic directional utilization,organic directional utilization,7
Enhanced empowering conglomeration,enhanced empowering conglomeration,7
Open-architected asymmetric extranet,open architected asymmetric extranet,4
Multi-lateral 6thgeneration benchmark,multi lateral 6thgeneration benchmark,9
Fully-configurable asymmetric moderator,fully configurable asymmetric moderator,4
Balanced mission-critical budgetary management,balanced mission critical budgetary management,7
Robust contextually-based knowledgebase,robust contextually based knowledgebase,3
Extended solution-oriented capacity,extended solution oriented capacity,7
Persistent upward-trending Graphical User Interface,persistent upward trending graphical user interface,8
Multi-tiered disintermediate parallelism,multi tiered disintermediate parallelism,9
Intuitive well-modulated support,intuitive well modulated support,7
Function-based zero-defect capability,function based zero defect capability,3
Integrated national architecture,integrated national architecture,1
Horizontal tangible focus group,horizontal tangible focus group,7
Reduced needs-based approach,reduced needs based approach,3
Robust human-resource instruction set,robust human resource instruction set,7
Grass-roots asynchronous knowledgebase,grass roots asynchronous knowledgebase,11
Synergized 24/7 interface,synergized 24 7 interface,8
Re-contextualized uniform interface,re contextualized uniform interface,8
Automated executive moderator,automated executive moderator,7
Front-line national Graphic Interface,front line national graphic interface,8
Function-based 3rdgeneration Graphical User Interface,function based 3rdgeneration graphical user interface,8
Customizable bi-directional functionalities,customizable bi directional functionalities,7
Innovative uniform adapter,innovative uniform adapter,7
Switchable neutral algorithm,switchable neutral algorithm,12
Operative 5thgeneration superstructure,operative 5thgeneration superstructure,7
Triple-buffered didactic monitoring,triple buffered didactic monitoring,7
Realigned scalable moderator,realigned scalable moderator,7
Multi-lateral responsive info-mediaries,multi lateral responsive info mediaries,9
Grass-roots directional help-desk,grass roots directional help desk,11
Reduced didactic leverage,reduced didactic leverage,7
Total methodical array,total methodical array,7
Balanced optimizing challenge,balanced optimizing challenge,7
Persevering disintermediate parallelism,persevering disintermediate parallelism,7
Horizontal system-worthy neural-net,horizontal system worthy neural net,7
Grass-roots multi-tasking throughput,grass roots multi tasking throughput,11
Intuitive didactic interface,intuitive didactic interface,8
Enterprise-wide non-volatile hardware,enterprise wide non volatile hardware,7
Reduced actuating toolset,reduced actuating toolset,7
Front-line value-added alliance,front line value added alliance,5
Organic regional open architecture,organic regional open architecture,1
Function-based dedicated database,function based dedicated database,3
Monitored even-keeled encryption,monitored even keeled encryption,0
Stand-alone zero-defect contingency,stand alone zero defect contingency,7
Exclusive bi-directional architecture,exclusive bi directional architecture,7
Optional real-time installation,optional real time installation,5
Proactive 6thgeneration interface,proactive 6thgeneration interface,8
Synchronized fresh-thinking functionalities,synchronized fresh thinking functionalities,12
Multi-layered coherent instruction set,multi layered coherent instruction set,9
Reduced attitude-oriented model,reduced attitude oriented model,7
Exclusive 3rdgeneration definition,exclusive 3rdgeneration definition,7
Multi-lateral value-added encryption,multi lateral value added encryption,9
Synchronized client-server concept,synchronized client server concept,7
Total regional open system,total regional open system,1
Optional uniform projection,optional uniform projection,5
Universal regional open architecture,universal regional open architecture,1
Quality-focused regional database,quality focused regional database,13
Enhanced neutral encryption,enhanced neutral encryption,0
Secured stable process improvement,secured stable process improvement,5
Multi-channeled 24/7 implementation,multi channeled 24 7 implementation,9
Operative intermediate alliance,operative intermediate alliance,7
Synergistic asymmetric task-force,synergistic asymmetric task force,4
Self-enabling 3rdgeneration migration,self enabling 3rdgeneration migration,7
Decentralized multimedia open architecture,decentralized multimedia open architecture,1
Optional responsive approach,optional responsive approach,5
Programmable fault-tolerant intranet,programmable fault tolerant intranet,7
Multi-tiered stable focus group,multi tiered stable focus group,9
Diverse even-keeled customer loyalty,diverse even keeled customer loyalty,4
Inverse neutral strategy,inverse neutral strategy,7
Intuitive foreground access,intuitive foreground access,7
Universal 24/7 strategy,universal 24 7 strategy,7
Managed well-modulated artificial intelligence,managed well modulated artificial intelligence,7
Inverse dynamic flexibility,inverse dynamic flexibility,7
Optional context-sensitive standardization,optional context sensitive standardization,5
Organized fault-tolerant forecast,organized fault tolerant forecast,7
Multi-layered neutral capacity,multi layered neutral capacity,9
Re-engineered 6thgeneration access,re engineered 6thgeneration access,2
Inverse context-sensitive middleware,inverse context sensitive middleware,7
Multi-lateral cohesive access,multi lateral cohesive access,9
Seamless asymmetric core,seamless asymmetric core,4
Automated tangible frame,automated tangible frame,7
Centralized modular Graphical User Interface,centralized modular graphical user interface,8
Organic actuating firmware,organic actuating firmware,7
Organized demand-driven parallelism,organized demand driven parallelism,7
Enterprise-wide intangible concept,enterprise wide intangible concept,7
Re-contextualized 24/7 policy,re contextualized 24 7 policy,7
Virtual client-driven benchmark,virtual client driven benchmark,7
Digitized value-added access,digitized value added access,7
Streamlined bifurcated extranet,streamlined bifurcated extranet,7
Re-engineered heuristic conglomeration,re engineered heuristic conglomeration,2
Adaptive empowering contingency,adaptive empowering contingency,7
Balanced national firmware,balanced national firmware,7
Re-engineered neutral concept,re engineered neutral concept,2
User-friendly encompassing functionalities,user friendly encompassing functionalities,8
Enhanced bifurcated solution,enhanced bifurcated solution,7
Monitored regional complexity,monitored regional complexity,7
Persistent incremental neural-net,persistent incremental neural net,7
Cross-platform client-server circuit,cross platform client server circuit,7
Customizable clear-thinking adapter,customizable clear thinking adapter,12
Up-sized multi-state database,up sized multi state database,9
Object-based didactic intranet,object based didactic intranet,3
Multi-lateral tangible framework,multi lateral tangible framework,9
Profound multimedia framework,profound multimedia framework,7
Object-based intermediate attitude,object based intermediate attitude,3
Horizontal maximized moderator,horizontal maximized moderator,7
Innovative intangible complexity,innovative intangible complexity,7
Compatible 6thgeneration portal,compatible 6thgeneration portal,7
De-engineered foreground attitude,de engineered foreground attitude,2
Public-key directional orchestration,public key directional orchestration,7
Optimized content-based matrix,optimized content based matrix,3
De-engineered bandwidth-monitored solution,de engineered bandwidth monitored solution,2
Horizontal asymmetric contingency,horizontal asymmetric contingency,4
Grass-roots non-volatile hub,grass roots non volatile hub,11
Reverse-engineered attitude-oriented task-force,reverse engineered attitude oriented task force,2
Synergized mission-critical conglomeration,synergized mission critical conglomeration,7
Configurable transitional data-warehouse,configurable transitional data warehouse,7
Ergonomic global project,ergonomic global project,7
Sharable 24/7 Graphic Interface,sharable 24 7 graphic interface,8
Progressive directional secured line,progressive directional secured line,5
Compatible tertiary alliance,compatible tertiary alliance,7
Face-to-face 6thgeneration methodology,face to face 6thgeneration methodology,7
Customer-focused asymmetric workforce,customer focused asymmetric workforce,13
Profound reciprocal forecast,profound reciprocal forecast,7
De-engineered high-level functionalities,de engineered high level functionalities,2
Reverse-engineered upward-trending core,reverse engineered upward trending core,2
Future-proofed zero administration attitude,future proofed zero administration attitude,7
Mandatory intermediate neural-net,mandatory intermediate neural net,7
Team-oriented discrete benchmark,team oriented discrete benchmark,7
Cloned scalable frame,cloned scalable frame,7
Profit-focused 5thgeneration standardization,profit focused 5thgeneration standardization,13
Distributed asymmetric frame,distributed asymmetric frame,4
Vision-oriented 4thgeneration groupware,vision oriented 4thgeneration groupware,7
Persistent methodical Graphical User Interface,persistent methodical graphical user interface,8
Integrated didactic circuit,integrated didactic circuit,7
Expanded system-worthy collaboration,expanded system worthy collaboration,7
Grass-roots client-server middleware,grass roots client server middleware,11
Universal systemic utilization,universal systemic utilization,7
Expanded system-worthy flexibility,expanded system worthy flexibility,7
Customizable homogeneous policy,customizable homogeneous policy,7
Visionary local paradigm,visionary local paradigm,7
Persevering 24/7 complexity,persevering 24 7 complexity,7
Visionary multimedia synergy,visionary multimedia synergy,7
Automated radical access,automated radical access,7
Inverse transitional artificial intelligence,inverse transitional artificial intelligence,7
Down-sized modular conglomeration,down sized modular conglomeration,7
Robust next generation protocol,robust next generation protocol,7
Innovative exuding toolset,innovative exuding toolset,7
Streamlined holistic toolset,streamlined holistic toolset,7
Managed global capacity,managed global capacity,7
Phased systematic interface,phased systematic interface,8
Persistent methodical info-mediaries,persistent methodical info mediaries,7
Up-sized maximized capability,up sized maximized capability,7
Distributed scalable moratorium,distributed scalable moratorium,7
Inverse stable process improvement,inverse stable process improvement,7
Multi-tiered high-level protocol,multi tiered high level protocol,9
Synergized 6thgeneration interface,synergized 6thgeneration interface,8
Seamless attitude-oriented architecture,seamless attitude oriented architecture,7
Centralized zero tolerance infrastructure,centralized zero tolerance infrastructure,7
Focused motivating strategy,focused motivating strategy,13
Function-based leadingedge budgetary management,function based leadingedge budgetary management,3
Right-sized next generation solution,right sized next generation solution,7
Assimilated local framework,assimilated local framework,7
Enterprise-wide bottom-line superstructure,enterprise wide bottom line superstructure,5
Triple-buffered bi-directional extranet,triple buffered bi directional extranet,7
Down-sized systemic open architecture,down sized systemic open architecture,1
Optional composite secured line,optional composite secured line,5
Self-enabling non-volatile core,self enabling non volatile core,7
Multi-tiered context-sensitive hub,multi tiered context sensitive hub,9
Optimized 4thgeneration hub,optimized 4thgeneration hub,7
Re-engineered methodical methodology,re engineered methodical methodology,2
Sharable cohesive focus group,sharable cohesive focus group,7
Mandatory multi-tasking hardware,mandatory multi tasking hardware,9
User-friendly radical conglomeration,user friendly radical conglomeration,8
Ameliorated attitude-oriented flexibility,ameliorated attitude oriented flexibility,7
Visionary methodical workforce,visionary methodical workforce,7
Future-proofed 4thgeneration core,future proofed 4thgeneration core,7
Networked system-worthy solution,networked system worthy solution,10
Cross-group zero administration model,cross group zero administration model,7
Organized static alliance,organized static alliance,7
Face-to-face scalable definition,face to face scalable definition,7
Programmable tertiary installation,programmable tertiary installation,7
Reverse-engineered multi-state standardization,reverse engineered multi state standardization,2
Versatile systemic matrices,versatile systemic matrices,7
Polarized client-driven moratorium,polarized client driven moratorium,7
Implemented neutral algorithm,implemented neutral algorithm,7
Enterprise-wide impactful installation,enterprise wide impactful installation,7
Managed regional process improvement,managed regional process improvement,7
Vision-oriented incremental website,vision oriented incremental website,7
Compatible global Graphical User Interface,compatible global graphical user interface,8
Up-sized web-enabled flexibility,up sized web enabled flexibility,6
User-centric intermediate website,user centric intermediate website,8
Multi-tiered asynchronous model,multi tiered asynchronous model,9
Function-based homogeneous productivity,function based homogeneous productivity,3
Persevering tertiary solution,persevering tertiary solution,7
Expanded 3rdgeneration synergy,expanded 3rdgeneration synergy,7
Stand-alone web-enabled array,stand alone web enabled array,6
Reverse-engineered stable approach,reverse engineered stable approach,2
Streamlined homogeneous emulation,streamlined homogeneous emulation,7
Face-to-face multi-tasking flexibility,face to face multi tasking flexibility,9
Cross-group bandwidth-monitored algorithm,cross group bandwidth monitored algorithm,7
Cross-platform empowering protocol,cross platform empowering protocol,7
Robust maximized Graphic Interface,robust maximized graphic interface,8
Reduced solution-oriented Local Area Network,reduced solution oriented local area network,7
Grass-roots multimedia hub,grass roots multimedia hub,11
Inverse dedicated process improvement,inverse dedicated process improvement,0
Networked impactful complexity,networked impactful complexity,10
Re-contextualized 3rdgeneration moderator,re contextualized 3rdgeneration moderator,7
Operative heuristic middleware,operative heuristic middleware,7
Seamless didactic algorithm,seamless didactic algorithm,7
Multi-layered neutral productivity,multi layered neutral productivity,9
Enhanced systematic conglomeration,enhanced systematic conglomeration,7
Customizable mission-critical projection,customizable mission critical projection,7
Future-proofed dynamic Internet solution,future proofed dynamic internet solution,7
Realigned homogeneous support,realigned homogeneous support,7
Enterprise-wide non-volatile projection,enterprise wide non volatile projection,7
Up-sized next generation portal,up sized next generation portal,7
Stand-alone modular Internet solution,stand alone modular internet solution,7
Stand-alone composite matrix,stand alone composite matrix,7
Robust national process improvement,robust national process improvement,7
Intuitive analyzing contingency,intuitive analyzing contingency,7
Networked systemic toolset,networked systemic toolset,10
Compatible content-based architecture,compatible content based architecture,3
Universal uniform service-desk,universal uniform service desk,7
Programmable non-volatile encoding,programmable non volatile encoding,7
Public-key logistical knowledgebase,public key logistical knowledgebase,7
Profit-focused next generation installation,profit focused next generation installation,13
Right-sized transitional standardization,right sized transitional standardization,7
Quality-focused local methodology,quality focused local methodology,13
Intuitive mobile focus group,intuitive mobile focus group,7
Extended web-enabled approach,extended web enabled approach,6
Configurable context-sensitive orchestration,configurable context sensitive orchestration,7
Organized multi-state definition,organized multi state definition,9
Horizontal systematic moderator,horizontal systematic moderator,7
Reverse-engineered non-volatile intranet,reverse engineered non volatile intranet,2
Versatile systematic flexibility,versatile systematic flexibility,7
Sharable tangible structure,sharable tangible structure,7
Enhanced optimizing time-frame,enhanced optimizing time frame,7
Stand-alone zero-defect Graphic Interface,stand alone zero defect graphic interface,8
Intuitive 24hour flexibility,intuitive 24hour flexibility,7
Profound heuristic solution,profound heuristic solution,7
Organized explicit pricing structure,organized explicit pricing structure,7
Compatible local concept,compatible local concept,7
Business-focused directional instruction set,business focused directional instruction set,13
Up-sized foreground open system,up sized foreground open system,1
Operative exuding process improvement,operative exuding process improvement,7
Ergonomic full-range workforce,ergonomic full range workforce,7
Down-sized object-oriented website,down sized object oriented website,7
Fully-configurable web-enabled info-mediaries,fully configurable web enabled info mediaries,6
User-centric intangible success,user centric intangible success,8
Realigned zero administration intranet,realigned zero administration intranet,7
Secured grid-enabled policy,secured grid enabled policy,6
Sharable neutral array,sharable neutral array,7
Universal global benchmark,universal global benchmark,7
Adaptive well-modulated extranet,adaptive well modulated extranet,7
Robust tangible strategy,robust tangible strategy,7
Versatile context-sensitive interface,versatile context sensitive interface,8
Synergistic value-added help-desk,synergistic value added help desk,7
Multi-channeled didactic process improvement,multi channeled didactic process improvement,9
Distributed stable emulation,distributed stable emulation,7
Operative context-sensitive Local Area Network,operative context sensitive local area network,7
Seamless motivating infrastructure,seamless motivating infrastructure,7
Switchable leadingedge alliance,switchable leadingedge alliance,12
Multi-lateral grid-enabled middleware,multi lateral grid enabled middleware,6
Inverse system-worthy utilization,inverse system worthy utilization,7
Extended next generation paradigm,extended next generation paradigm,7
Customer-focused bifurcated service-desk,customer focused bifurcated service desk,13
Extended tangible hierarchy,extended tangible hierarchy,7
Down-sized systematic contingency,down sized systematic contingency,7
Focused holistic installation,focused holistic installation,13
Profound 24/7 parallelism,profound 24 7 parallelism,7
Ergonomic incremental utilization,ergonomic incremental utilization,7
Implemented actuating structure,implemented actuating structure,7
Optimized high-level ability,optimized high level ability,7
Up-sized eco-centric open architecture,up sized eco centric open architecture,1
Business-focused systematic Graphical User Interface,business focused systematic graphical user interface,8
Up-sized maximized time-frame,up sized maximized time frame,7
Versatile explicit standardization,versatile explicit standardization,7
Extended regional paradigm,extended regional paradigm,7
Multi-channeled real-time info-mediaries,multi channeled real time info mediaries,9
Function-based 4thgeneration flexibility,function based 4thgeneration flexibility,3
Stand-alone client-driven approach,stand alone client driven approach,7
Balanced optimizing software,balanced optimizing software,7
De-engineered object-oriented framework,de engineered object oriented framework,2
Multi-layered full-range throughput,multi layered full range throughput,9
Self-enabling multi-tasking help-desk,self enabling multi tasking help desk,9
Object-based national standardization,object based national standardization,3
Object-based leadingedge initiative,object based leadingedge initiative,3
Sharable background circuit,sharable background circuit,7
Synchronized national system engine,synchronized national system engine,7
Front-line attitude-oriented adapter,front line attitude oriented adapter,5
Grass-roots scalable framework,grass roots scalable framework,11
Networked zero administration array,networked zero administration array,10
Visionary client-driven instruction set,visionary client driven instruction set,7
Seamless directional Graphic Interface,seamless directional graphic interface,8
Innovative 4thgeneration protocol,innovative 4thgeneration protocol,7
Cross-group radical definition,cross group radical definition,7
Automated client-server contingency,automated client server contingency,7
Enterprise-wide tangible secured line,enterprise wide tangible secured line,5
Open-architected transitional framework,open architected transitional framework,1
Networked motivating Graphic Interface,networked motivating graphic interface,8
Balanced impactful collaboration,balanced impactful collaboration,7
Phased clear-thinking matrix,phased clear thinking matrix,12
Multi-channeled hybrid workforce,multi channeled hybrid workforce,9
Up-sized dedicated workforce,up sized dedicated workforce,0
Focused tangible array,focused tangible array,13
Organized heuristic customer loyalty,organized heuristic customer loyalty,7
Implemented radical array,implemented radical array,7
Reactive even-keeled hardware,reactive even keeled hardware,7
Implemented logistical architecture,implemented logistical architecture,1
Team-oriented intermediate matrices,team oriented intermediate matrices,7
Operative optimizing firmware,operative optimizing firmware,7
Cloned system-worthy project,cloned system worthy project,7
Versatile regional capability,versatile regional capability,7
De-engineered static standardization,de engineered static standardization,2
Total bi-directional attitude,total bi directional attitude,7
Progressive non-volatile service-desk,progressive non volatile service desk,7
Business-focused needs-based synergy,business focused needs based synergy,13
Optional holistic Graphical User Interface,optional holistic graphical user interface,8
Grass-roots bottom-line strategy,grass roots bottom line strategy,11
Quality-focused fault-tolerant secured line,quality focused fault tolerant secured line,13
Secured solution-oriented application,secured solution oriented application,5
Multi-tiered executive task-force,multi tiered executive task force,9
Focused empowering superstructure,focused empowering superstructure,13
Reverse-engineered motivating algorithm,reverse engineered motivating algorithm,2
Configurable attitude-oriented throughput,configurable attitude oriented throughput,7
Expanded neutral extranet,expanded neutral extranet,7
Reduced attitude-oriented task-force,reduced attitude oriented task force,7
Focused logistical projection,focused logistical projection,13
Proactive asymmetric time-frame,proactive asymmetric time frame,4
Inverse systematic productivity,inverse systematic productivity,7
Optional coherent moratorium,optional coherent moratorium,5
Expanded upward-trending conglomeration,expanded upward trending conglomeration,10
Compatible clear-thinking array,compatible clear thinking array,12
Universal 4thgeneration framework,universal 4thgeneration framework,7
Persevering motivating benchmark,persevering motivating benchmark,7
Object-based content-based ability,object based content based ability,3
Innovative logistical interface,innovative logistical interface,8
De-engineered impactful policy,de engineered impactful policy,2
Integrated contextually-based parallelism,integrated contextually based parallelism,3
Innovative mission-critical firmware,innovative mission critical firmware,7
Advanced clear-thinking Graphical User Interface,advanced clear thinking graphical user interface,8
Reactive tangible access,reactive tangible access,7
Versatile systemic challenge,versatile systemic challenge,7
Switchable value-added portal,switchable value added portal,12
Up-sized well-modulated support,up sized well modulated support,7
Secured asymmetric focus group,secured asymmetric focus group,4
Down-sized 6thgeneration methodology,down sized 6thgeneration methodology,7
Upgradable next generation knowledge user,upgradable next generation knowledge user,8
Reverse-engineered regional data-warehouse,reverse engineered regional data warehouse,2
Implemented 4thgeneration open system,implemented 4thgeneration open system,1
Progressive motivating array,progressive motivating array,7
Visionary client-driven pricing structure,visionary client driven pricing structure,7
Pre-emptive mission-critical matrices,pre emptive mission critical matrices,7
Triple-buffered high-level neural-net,triple buffered high level neural net,7
Managed actuating open architecture,managed actuating open architecture,1
Visionary composite task-force,visionary composite task force,7
Ergonomic fresh-thinking customer loyalty,ergonomic fresh thinking customer loyalty,12
Enterprise-wide didactic instruction set,enterprise wide didactic instruction set,7
Decentralized client-driven adapter,decentralized client driven adapter,7
Cross-platform transitional interface,cross platform transitional interface,8
Universal transitional moderator,universal transitional moderator,7
Universal composite open system,universal composite open system,1
Public-key human-resource product,public key human resource product,7
Secured background encryption,secured background encryption,0
Implemented content-based contingency,implemented content based contingency,3
Open-architected responsive array,open architected responsive array,1
Reverse-engineered client-server neural-net,reverse engineered client server neural net,2
Networked upward-trending forecast,networked upward trending forecast,10
Multi-layered optimal pricing structure,multi layered optimal pricing structure,9
Persistent stable leverage,persistent stable leverage,7
Focused stable analyzer,focused stable analyzer,13
Networked exuding instruction set,networked exuding instruction set,10
Multi-layered intermediate conglomeration,multi layered intermediate conglomeration,9
Visionary 24hour circuit,visionary 24hour circuit,7
Optional even-keeled functionalities,optional even keeled functionalities,5
De-engineered systematic conglomeration,de engineered systematic conglomeration,2
Extended 24hour contingency,extended 24hour contingency,7
User-centric clear-thinking interface,user centric clear thinking interface,12
Programmable optimal capability,programmable optimal capability,7
Optimized zero administration approach,optimized zero administration approach,7
Robust directional complexity,robust directional complexity,7
Reverse-engineered 4thgeneration analyzer,reverse engineered 4thgeneration analyzer,2
Secured incremental moratorium,secured incremental moratorium,5
Universal asymmetric extranet,universal asymmetric extranet,4
User-friendly next generation challenge,user friendly next generation challenge,8
Vision-oriented zero tolerance hardware,vision oriented zero tolerance hardware,7
Reverse-engineered static infrastructure,reverse engineered static infrastructure,2
Managed leadingedge knowledge user,managed leadingedge knowledge user,8
Multi-channeled full-range framework,multi channeled full range framework,9
Optional secondary website,optional secondary website,5
Open-source fault-tolerant open architecture,open source fault tolerant open architecture,1
Distributed dynamic process improvement,distributed dynamic process improvement,7
Triple-buffered exuding Local Area Network,triple buffered exuding local area network,7
Vision-oriented 24hour migration,vision oriented 24hour migration,7
Intuitive 4thgeneration access,intuitive 4thgeneration access,7
Organic multi-tasking hardware,organic multi tasking hardware,9
Switchable solution-oriented success,switchable solution oriented success,12
Multi-channeled 5thgeneration methodology,multi channeled 5thgeneration methodology,9
Object-based scalable utilization,object based scalable utilization,3
Operative tangible firmware,operative tangible firmware,7
Up-sized user-facing secured line,up sized user facing secured line,5
Upgradable transitional data-warehouse,upgradable transitional data warehouse,7
User-friendly client-driven service-desk,user friendly client driven service desk,8
NEW CAMPAIGN - Missing Budget,new campaign missing budget,7
Typo in Date,typo in date,7
Duplicate Campaign,duplicate campaign,7
Outlier Budget,outlier budget,7
Cloud-based scalable solution,cloud based scalable solution,3
Broken-date campaign,broken date campaign,7
Negative ROI test,negative roi test,7
Null-heavy campaign,null heavy campaign,7
Future campaign,future campaign,7
Extra long name campaign test,extra long name campaign test,7
No revenue campaign,no revenue campaign,7
Random mess,random mess,7
Invalid budget,invalid budget,7
Overlapping dates,overlapping dates,7
Too many conversions,too many conversions,7
